customer_id,signup_date,age,country,total_purchases,total_spent,last_purchase_days_ago,avg_order_value,is_active
1,2023-11-24,56,Canada,19,2476,313,406,1
2,2023-02-27,69,France,30,3109,49,389,1
3,2023-01-13,46,UK,7,3093,118,253,1
4,2023-05-21,32,USA,10,1062,54,210,0
5,2023-05-06,60,India,41,3732,138,77,0
6,2023-04-25,25,Canada,32,1927,53,441,0
7,2023-03-13,78,Canada,34,1713,44,306,0
8,2023-02-22,38,USA,28,1740,303,214,1
9,2023-12-13,56,France,15,2316,53,112,0
10,2023-10-07,75,USA,30,4412,74,71,1
11,2023-02-14,36,UK,37,477,46,119,0
12,2023-10-30,40,USA,29,4314,13,430,1
13,2023-08-05,28,Canada,22,4385,165,454,1
14,2023-01-17,28,USA,4,469,102,145,1
15,2023-01-16,41,France,20,2296,280,212,1
16,2023-02-17,70,India,32,3847,258,128,1
17,2023-04-22,53,Germany,36,751,337,54,0
18,2023-04-30,57,USA,4,869,356,365,1
19,2023-09-16,41,France,27,2521,138,169,1
20,2023-11-05,20,France,17,880,163,351,1
21,2023-01-14,39,India,12,1816,111,227,0
22,2023-10-15,70,Canada,22,4083,102,225,0
23,2023-04-12,19,France,17,1411,17,439,1
24,2023-11-29,41,France,10,3459,268,266,1
25,2023-12-26,61,France,1,622,182,105,1
26,2023-10-07,47,France,22,621,24,415,0
27,2023-08-03,55,UK,26,4978,29,236,1
28,2023-04-23,19,UK,18,2420,171,281,0
29,2023-08-18,77,Canada,14,1035,228,304,0
30,2023-10-29,38,USA,47,2330,188,462,1
31,2023-05-23,50,France,29,4140,346,153,0
32,2023-01-04,29,India,12,4683,230,126,0
33,2023-03-23,75,USA,36,3797,321,279,1
34,2023-12-24,39,India,35,2937,340,451,0
35,2023-08-05,78,USA,12,4183,119,307,0
36,2023-06-24,61,Canada,7,2561,156,313,0
37,2023-05-23,42,France,29,3343,272,380,0
38,2023-03-21,66,France,11,3459,175,231,0
39,2023-04-21,44,Germany,33,785,104,430,1
40,2023-06-22,76,India,6,2260,92,305,0
41,2023-02-22,59,USA,47,4088,186,87,0
42,2023-02-17,45,USA,15,4166,283,225,1
43,2023-07-14,77,UK,32,1667,181,76,1
44,2023-02-19,33,Germany,11,138,170,325,1
45,2023-07-03,32,UK,23,2644,187,189,1
46,2023-06-26,79,UK,26,4975,175,348,1
47,2023-11-06,79,UK,34,1356,222,494,1
48,2023-05-16,64,India,46,3090,233,336,1
49,2023-01-23,79,India,34,2296,162,140,1
50,2023-08-24,68,Canada,29,3568,134,110,0
51,2023-10-02,61,Canada,4,2808,224,414,0
52,2023-03-05,72,UK,17,401,153,396,0
53,2023-07-13,69,Germany,35,746,33,212,1
54,2023-02-10,74,USA,13,4858,55,400,1
55,2023-10-10,20,India,41,1859,7,192,1
56,2023-05-31,54,Germany,39,4451,244,449,1
57,2023-11-18,68,France,15,697,313,302,1
58,2023-11-13,24,India,29,761,126,318,0
59,2023-07-05,38,India,29,4430,12,418,0
60,2023-10-23,26,Canada,11,1468,16,340,1
61,2023-04-09,56,USA,32,2681,208,236,1
62,2023-12-27,35,USA,2,3968,43,454,1
63,2023-02-05,21,France,47,3637,135,487,1
64,2023-01-24,42,France,14,4965,228,463,0
65,2023-12-05,77,India,20,4408,111,353,1
66,2023-04-27,31,UK,22,4658,307,340,1
67,2023-05-29,67,Canada,11,382,160,135,1
68,2023-02-10,75,Canada,27,3778,331,215,1
69,2023-04-30,26,India,3,1586,264,464,0
70,2023-02-21,43,Germany,17,4182,225,457,0
71,2023-07-14,70,UK,44,4283,217,163,1
72,2023-05-23,19,India,28,560,45,482,1
73,2023-08-21,37,UK,29,2425,214,405,1
74,2023-11-22,45,UK,21,3854,59,465,0
75,2023-07-06,64,UK,47,2568,132,232,1
76,2023-03-25,77,India,16,1824,104,256,0
77,2023-07-09,24,Canada,37,1476,195,305,0
78,2023-07-01,61,Canada,20,2843,157,284,1
79,2023-04-18,78,UK,6,614,98,491,1
80,2023-12-10,25,Germany,19,802,226,404,0
81,2023-05-17,64,USA,5,1753,205,52,0
82,2023-12-26,52,India,3,2166,79,257,1
83,2023-12-16,31,USA,1,122,124,246,0
84,2023-11-28,34,Germany,38,2560,218,390,1
85,2023-02-06,53,India,15,1404,4,174,1
86,2023-11-08,67,UK,34,3400,90,187,0
87,2023-11-22,57,Canada,35,461,104,388,0
88,2023-03-29,21,USA,49,3827,119,74,1
89,2023-10-01,19,France,25,1384,133,117,1
90,2023-05-06,79,France,24,614,312,110,1
91,2023-03-25,23,Germany,12,548,96,78,1
92,2023-08-25,71,UK,18,1955,331,432,1
93,2023-07-14,59,USA,15,3662,143,68,1
94,2023-05-19,21,UK,44,2620,288,220,1
95,2023-11-24,71,USA,16,3181,28,499,1
96,2023-12-19,46,Germany,27,1528,278,123,1
97,2023-10-13,35,Germany,8,4067,233,110,1
98,2023-04-23,43,France,46,1022,17,476,1
99,2023-12-17,61,UK,25,3237,59,202,1
100,2023-06-16,51,India,17,2259,90,325,0
101,2023-01-29,27,France,29,2647,199,97,1
102,2023-04-28,79,UK,8,3079,362,260,0
103,2023-01-17,53,France,15,2381,26,392,0
104,2023-06-11,31,India,27,2749,25,457,0
105,2023-07-25,48,Canada,46,413,301,188,1
106,2023-05-18,65,Canada,7,2713,339,159,1
107,2023-02-03,32,Canada,3,3183,267,232,0
108,2023-04-19,25,Canada,29,2356,181,77,1
109,2023-10-18,31,USA,44,1137,360,246,1
110,2023-06-11,40,Canada,24,3589,68,240,0
111,2023-04-19,77,India,3,2734,351,364,1
112,2023-12-02,74,Germany,20,4083,321,438,1
113,2023-09-13,79,Germany,46,1878,49,100,1
114,2023-07-22,57,USA,15,3995,175,198,1
115,2023-11-26,38,Canada,25,1224,52,317,1
116,2023-08-23,33,Canada,30,797,102,99,0
117,2023-03-15,62,Canada,14,2279,216,437,0
118,2023-05-16,35,France,7,1504,188,295,0
119,2023-03-13,64,UK,17,1143,57,162,1
120,2023-05-07,70,France,44,2029,47,219,0
121,2023-10-15,41,UK,20,1113,159,215,0
122,2023-10-03,43,Canada,36,326,174,458,1
123,2023-05-15,42,Canada,9,1928,242,63,1
124,2023-10-27,77,France,38,2123,282,252,1
125,2023-08-08,77,France,48,2552,241,337,0
126,2023-10-26,77,UK,22,2185,5,444,0
127,2023-07-24,62,Germany,2,4383,84,238,1
128,2023-07-05,58,UK,24,1180,308,451,0
129,2023-04-23,46,France,8,2420,361,204,0
130,2023-03-12,32,India,11,3290,248,104,1
131,2023-09-18,62,France,13,2730,54,231,1
132,2023-09-10,18,India,17,2663,161,259,1
133,2023-02-16,42,USA,8,3392,226,425,1
134,2023-01-25,24,France,21,4721,15,124,1
135,2023-02-26,26,USA,18,3686,224,326,0
136,2023-03-20,41,Germany,30,4531,61,477,1
137,2023-11-18,18,UK,18,3047,122,182,0
138,2023-03-23,61,India,46,4059,277,392,0
139,2023-12-15,25,UK,47,2913,46,474,1
140,2023-08-05,41,USA,31,2683,294,108,0
141,2023-11-02,28,India,38,261,62,394,1
142,2023-02-02,68,UK,32,693,86,231,0
143,2023-07-17,34,France,11,3359,210,455,1
144,2023-07-15,25,Canada,45,4255,78,388,1
145,2023-11-02,52,USA,25,3062,202,370,0
146,2023-08-28,52,UK,33,3988,302,113,0
147,2023-09-28,50,USA,38,3490,223,376,1
148,2023-05-09,76,USA,41,4601,222,309,1
149,2023-10-11,22,India,8,763,3,242,1
150,2023-01-06,59,India,11,1232,6,192,1
151,2023-12-15,56,Canada,22,641,93,153,1
152,2023-02-28,75,France,24,3074,8,455,1
153,2023-12-16,58,USA,41,967,235,263,1
154,2023-10-02,45,UK,17,2166,108,291,1
155,2023-05-17,24,Germany,12,531,161,480,1
156,2023-11-25,26,USA,46,4935,209,258,1
157,2023-06-24,25,USA,32,4378,240,142,1
158,2023-02-27,29,Canada,15,1306,331,479,1
159,2023-05-31,51,France,16,2628,333,191,1
160,2023-08-11,50,Germany,22,1269,50,483,0
161,2023-03-22,65,India,28,930,11,453,0
162,2023-08-21,72,India,20,1751,351,483,1
163,2023-01-02,40,UK,33,1236,156,161,1
164,2023-05-15,79,Germany,10,2910,70,466,1
165,2023-09-14,41,India,40,575,169,424,0
166,2023-04-02,54,UK,32,2910,272,108,1
167,2023-09-17,52,France,33,1426,68,92,1
168,2023-02-24,61,UK,2,1119,355,256,0
169,2023-11-17,57,India,33,1936,252,317,1
170,2023-06-02,39,Canada,33,4356,48,345,1
171,2023-11-24,44,Canada,41,2548,184,167,1
172,2023-09-17,52,Canada,13,4393,320,69,1
173,2023-11-08,18,India,30,1383,187,271,1
174,2023-04-12,52,Canada,33,759,90,215,1
175,2023-03-20,54,Germany,13,2110,332,180,1
176,2023-07-11,64,France,26,498,139,205,1
177,2023-03-24,31,UK,22,1833,357,233,1
178,2023-10-04,20,UK,39,2225,89,139,1
179,2023-09-29,18,India,2,2271,274,143,0
180,2023-01-01,22,Canada,38,174,19,62,1
181,2023-11-03,43,Canada,39,4797,311,371,0
182,2023-06-15,72,USA,26,3571,358,342,1
183,2023-09-08,31,France,46,936,154,482,1
184,2023-01-10,56,Germany,15,599,260,279,0
185,2023-02-27,44,UK,34,237,108,371,1
186,2023-07-05,26,USA,42,2197,285,341,0
187,2023-06-07,32,USA,44,3796,59,487,1
188,2023-05-03,32,India,49,1985,125,75,1
189,2023-01-30,43,UK,40,2857,354,124,1
190,2023-05-04,59,India,11,4020,273,413,0
191,2023-10-18,77,Germany,3,2000,107,473,0
192,2023-02-10,30,USA,6,2710,299,348,1
193,2023-02-13,68,USA,9,4086,245,199,1
194,2023-09-06,49,France,6,1549,336,197,1
195,2023-02-05,56,Germany,9,646,247,57,1
196,2023-09-30,66,USA,39,4776,8,78,1
197,2023-03-06,69,Germany,31,2103,141,345,1
198,2023-03-07,78,UK,32,2196,362,463,1
199,2023-12-04,49,Canada,41,803,8,258,0
200,2023-09-01,21,USA,12,2503,352,177,0
201,2023-10-09,47,France,8,1725,94,389,1
202,2023-03-26,54,UK,8,3431,321,165,0
203,2023-05-16,40,Germany,28,4833,39,488,1
204,2023-09-28,56,India,20,3078,81,193,1
205,2023-11-07,62,UK,47,4836,187,479,0
206,2023-08-05,32,USA,7,2939,84,367,0
207,2023-04-19,60,Germany,11,3484,88,284,1
208,2023-10-04,46,Canada,20,2759,242,56,1
209,2023-12-20,53,UK,16,1961,342,94,1
210,2023-04-13,30,USA,4,2956,93,492,1
211,2024-01-01,49,France,6,785,86,288,1
212,2023-06-09,24,India,22,4383,44,489,1
213,2023-07-24,76,Germany,26,1719,137,481,1
214,2023-12-10,68,UK,3,4743,74,204,1
215,2023-11-29,39,UK,41,1531,36,230,1
216,2023-07-11,45,Canada,42,975,101,264,0
217,2023-08-13,19,Canada,14,4813,156,137,1
218,2023-09-22,59,France,11,2561,255,305,1
219,2023-08-20,62,India,18,1465,171,122,0
220,2023-03-03,79,France,12,1343,216,468,0
221,2023-05-07,74,USA,23,262,170,228,1
222,2023-04-26,70,USA,12,2074,252,261,1
223,2023-02-02,23,France,13,3391,360,342,1
224,2023-06-23,45,India,25,369,322,283,0
225,2023-01-11,45,France,45,731,55,288,0
226,2023-10-29,61,India,19,1005,91,272,1
227,2023-10-11,61,India,46,3571,278,168,1
228,2023-04-28,37,Germany,36,3353,101,362,1
229,2023-10-29,47,India,45,2114,155,313,1
230,2023-04-23,79,Canada,8,1741,349,256,1
231,2023-01-04,28,India,29,304,364,144,1
232,2023-02-06,75,India,32,681,141,422,1
233,2023-12-29,72,India,44,940,173,271,1
234,2023-11-20,45,USA,18,1819,10,415,1
235,2023-01-31,42,Canada,6,2743,228,325,1
236,2023-04-28,56,Canada,18,2397,265,429,1
237,2023-02-04,79,France,19,974,248,280,1
238,2023-01-17,50,Germany,22,789,247,358,0
239,2023-06-19,18,India,37,4100,155,168,1
240,2023-02-06,74,UK,32,3241,34,317,0
241,2023-09-21,44,Germany,41,1522,129,482,1
242,2023-05-02,79,Germany,3,771,160,322,1
243,2023-05-23,74,Canada,28,1271,89,113,1
244,2023-12-09,69,Germany,10,3826,93,347,0
245,2023-09-06,30,India,35,1043,327,399,1
246,2023-04-20,58,India,29,1549,241,462,1
247,2023-10-04,20,USA,15,3837,323,452,1
248,2023-03-09,56,India,33,2639,117,60,1
249,2023-10-20,23,India,7,4059,94,147,1
250,2023-10-23,25,Canada,12,4360,163,483,1
251,2023-08-31,44,India,49,2461,99,120,0
252,2023-05-05,26,USA,30,3752,113,413,0
253,2023-08-31,79,UK,21,3770,359,107,1
254,2023-07-28,54,Canada,31,1853,91,339,1
255,2023-04-08,50,UK,24,2452,346,300,0
256,2023-02-18,68,Canada,20,2038,206,325,0
257,2023-02-19,59,France,37,470,17,99,0
258,2023-12-04,61,Germany,4,4579,274,407,1
259,2023-08-09,41,France,28,2031,173,265,1
260,2023-07-01,32,India,44,524,116,443,1
261,2023-08-05,76,UK,20,4824,349,465,1
262,2023-07-30,71,India,24,994,181,101,1
263,2023-08-28,49,Germany,49,697,91,320,0
264,2023-01-28,49,Canada,32,3162,82,133,0
265,2023-12-11,41,Germany,41,2436,324,436,0
266,2023-12-01,58,USA,36,4788,114,342,1
267,2023-11-27,69,Germany,34,1787,257,175,1
268,2023-02-20,66,USA,36,672,58,345,0
269,2023-02-01,79,Germany,2,2190,154,121,1
270,2023-07-26,66,USA,15,3769,116,345,1
271,2023-06-23,75,UK,34,4372,343,285,1
272,2023-02-25,69,India,36,4724,266,105,0
273,2023-05-08,29,India,6,1733,315,456,1
274,2023-04-09,79,France,39,1617,203,409,1
275,2023-04-08,56,India,42,4393,41,444,0
276,2023-10-02,19,Canada,12,2757,105,159,1
277,2023-08-18,20,Germany,3,3748,193,241,0
278,2023-03-13,66,France,45,3688,278,441,1
279,2023-08-05,54,Canada,18,1637,354,142,1
280,2023-04-04,66,Canada,40,3237,237,399,1
281,2023-05-23,73,USA,21,197,221,105,1
282,2023-08-25,34,India,15,3315,68,109,1
283,2023-05-08,76,UK,33,4630,197,187,1
284,2023-02-08,66,UK,35,4832,256,88,1
285,2023-08-15,19,France,26,3850,139,77,1
286,2023-10-09,19,UK,8,3257,312,98,1
287,2023-02-20,45,Germany,36,4783,149,469,1
288,2023-01-26,71,UK,48,443,99,174,1
289,2023-11-30,40,France,30,4766,76,62,1
290,2023-10-04,54,UK,23,710,282,85,1
291,2023-01-08,49,Germany,42,1827,109,150,1
292,2023-02-17,50,USA,44,2390,188,331,1
293,2023-05-02,18,France,14,1954,199,135,1
294,2023-03-27,36,USA,14,2708,303,53,1
295,2023-07-28,79,USA,2,2179,327,272,1
296,2023-09-06,19,USA,37,2424,154,387,1
297,2023-09-04,70,Canada,5,4727,40,497,1
298,2023-04-20,61,India,38,1277,133,215,1
299,2023-07-25,43,Canada,45,1191,132,432,1
300,2023-01-31,49,India,41,2891,279,393,1
301,2023-03-26,23,USA,47,1849,362,432,1
302,2023-07-14,49,France,14,2775,84,425,1
303,2023-01-02,72,India,39,881,242,327,0
304,2023-07-19,21,Germany,25,3148,116,179,0
305,2023-05-16,72,Germany,20,2205,109,80,0
306,2023-08-21,28,UK,2,3967,221,424,1
307,2023-05-27,73,India,39,4642,41,60,0
308,2023-08-05,76,France,6,2213,147,351,0
309,2023-12-23,34,Canada,17,4070,112,145,1
310,2023-10-12,55,USA,25,2091,103,239,1
311,2023-12-05,41,UK,28,1167,46,241,1
312,2023-09-07,22,Germany,2,1677,324,315,1
313,2023-03-21,69,Canada,35,1111,271,473,0
314,2023-04-08,51,Canada,37,2374,195,177,1
315,2023-06-01,23,USA,5,4969,280,287,1
316,2023-04-22,39,India,1,1914,283,457,1
317,2023-01-30,28,Germany,40,2526,40,404,1
318,2023-10-24,65,France,12,4502,189,477,1
319,2023-10-05,33,Canada,36,4974,164,161,1
320,2023-02-01,50,USA,45,2651,24,365,1
321,2023-06-10,26,France,23,3757,24,495,0
322,2023-01-30,77,India,47,107,4,392,0
323,2023-01-26,76,Germany,31,2655,323,194,0
324,2023-10-27,23,India,11,575,290,114,0
325,2023-09-02,33,Canada,10,2311,181,296,1
326,2023-09-15,46,France,3,584,248,272,0
327,2023-09-29,20,France,14,4754,116,362,1
328,2023-03-22,37,France,16,2385,279,488,0
329,2023-01-30,77,Canada,10,4663,69,155,0
330,2023-09-18,76,Canada,29,3625,351,230,1
331,2023-02-11,53,India,10,3439,254,233,0
332,2023-04-06,36,UK,12,2922,181,275,1
333,2023-02-05,43,India,30,3024,318,314,1
334,2023-11-01,20,Germany,41,358,169,327,0
335,2023-02-04,36,USA,1,382,313,446,0
336,2023-12-12,37,France,5,1998,249,138,1
337,2023-05-01,49,UK,20,4235,188,225,0
338,2023-07-26,24,USA,8,3076,54,67,0
339,2023-03-03,69,UK,43,2367,326,420,0
340,2023-10-19,58,India,12,3300,357,473,0
341,2023-05-07,50,Canada,1,712,313,450,1
342,2023-10-24,57,France,20,787,138,448,1
343,2023-11-01,56,India,28,3790,168,155,1
344,2023-01-21,35,USA,43,712,103,320,0
345,2023-11-14,57,USA,37,2407,85,368,0
346,2023-02-11,18,USA,47,3113,317,216,1
347,2023-08-03,28,USA,37,1881,212,62,1
348,2023-12-03,45,USA,12,2691,3,386,1
349,2023-10-26,74,UK,37,2796,179,81,1
350,2023-10-17,42,India,49,4058,342,442,1
351,2023-09-25,67,France,49,674,303,89,1
352,2023-06-11,40,Canada,44,2010,332,197,1
353,2023-05-14,48,Canada,28,3704,38,267,1
354,2023-04-15,47,India,47,769,239,268,1
355,2023-12-09,59,India,15,4464,169,131,0
356,2023-06-10,52,Canada,6,1383,343,382,1
357,2023-05-03,24,Canada,44,1023,314,257,1
358,2023-05-16,77,UK,20,1225,306,250,1
359,2023-07-22,33,Germany,14,1629,30,496,1
360,2023-03-09,43,France,2,1694,190,381,1
361,2023-12-10,65,USA,9,346,357,477,0
362,2023-11-27,74,Germany,37,3811,25,87,1
363,2023-06-03,69,India,20,1660,112,260,1
364,2023-08-23,77,Canada,26,2500,206,493,1
365,2023-06-11,66,Germany,29,2343,185,376,1
366,2023-02-07,19,France,1,3964,47,298,1
367,2023-01-05,18,India,35,2039,228,276,1
368,2023-08-23,65,USA,6,3169,39,97,1
369,2023-11-15,79,USA,37,326,16,67,1
370,2023-10-16,29,France,5,3647,22,449,1
371,2023-02-21,22,France,33,364,213,488,1
372,2023-02-07,54,Canada,49,1495,310,344,0
373,2023-10-03,49,USA,14,3657,149,245,1
374,2023-04-20,76,India,12,745,241,236,0
375,2023-09-17,72,Germany,42,3090,272,394,1
376,2023-05-16,26,India,20,1999,59,273,1
377,2023-03-09,58,UK,24,2604,287,367,1
378,2023-06-28,52,UK,43,2872,202,446,1
379,2023-02-05,36,France,34,1254,32,414,0
380,2023-05-06,65,Canada,25,687,162,386,0
381,2023-07-09,33,UK,29,4671,255,278,1
382,2023-05-26,20,USA,39,1921,254,439,1
383,2023-03-22,37,India,31,1085,9,126,1
384,2023-08-13,41,India,47,4179,139,237,0
385,2023-10-06,71,France,43,3448,10,395,0
386,2023-12-27,73,Germany,23,3931,214,319,0
387,2023-06-04,50,France,44,1341,273,144,0
388,2023-11-10,41,Germany,38,289,324,359,1
389,2023-12-01,69,France,20,1080,48,181,1
390,2023-09-28,28,France,23,1798,111,88,1
391,2023-01-05,66,France,45,1815,153,121,1
392,2023-12-08,25,Germany,16,2693,123,330,0
393,2023-10-11,53,Germany,42,4236,357,382,1
394,2023-06-03,55,France,8,4533,102,209,0
395,2023-12-06,57,UK,21,1198,241,236,0
396,2023-02-23,37,Canada,1,2426,321,240,1
397,2023-03-10,79,Canada,8,3347,191,471,0
398,2023-05-16,52,Canada,29,995,217,169,0
399,2023-03-01,65,Germany,32,1774,51,269,1
400,2023-02-24,79,Germany,38,3009,292,102,1
401,2023-10-11,42,UK,5,1030,81,271,1
402,2023-03-21,52,Canada,47,4484,88,461,0
403,2023-05-20,42,Canada,22,823,194,180,0
404,2023-05-25,46,France,47,3040,104,286,1
405,2023-11-06,35,Germany,34,1189,271,295,0
406,2023-04-18,63,Canada,1,4678,96,275,1
407,2023-06-25,35,India,26,1035,198,257,0
408,2023-04-15,19,UK,43,2395,1,455,1
409,2023-12-18,71,India,10,255,167,145,0
410,2023-11-21,52,India,30,1170,126,471,1
411,2023-05-16,33,UK,18,2058,313,249,1
412,2023-09-16,78,India,17,2601,81,296,1
413,2023-09-08,58,Canada,26,4319,251,121,0
414,2023-05-09,53,Germany,8,3930,169,367,1
415,2023-01-27,50,UK,47,954,73,234,1
416,2023-02-17,21,France,40,739,141,55,1
417,2023-11-21,50,India,49,2338,70,255,1
418,2023-08-05,31,UK,12,1702,262,81,0
419,2023-05-22,38,USA,27,541,340,148,0
420,2023-01-23,65,USA,8,4728,308,443,1
421,2023-01-02,37,Germany,25,1436,245,436,0
422,2023-06-20,73,Canada,46,3800,3,305,1
423,2023-03-08,25,Germany,4,1048,337,236,1
424,2023-11-23,24,Germany,33,3473,63,125,1
425,2023-05-15,20,Germany,1,559,49,226,1
426,2023-03-24,34,Germany,19,4746,76,364,1
427,2023-08-15,50,France,31,492,175,336,0
428,2023-10-10,65,France,16,4038,109,398,0
429,2023-12-28,29,UK,14,1887,183,304,1
430,2023-08-07,76,USA,48,2357,192,374,0
431,2023-10-15,68,Germany,5,1238,65,239,0
432,2023-01-05,39,UK,41,3908,337,357,1
433,2023-02-27,72,USA,26,4841,271,394,1
434,2023-02-08,39,India,28,2554,100,176,1
435,2023-12-20,63,Canada,2,1566,32,474,0
436,2023-03-18,47,France,6,3774,352,336,0
437,2023-10-07,55,India,9,1477,128,303,0
438,2023-01-19,55,USA,33,2697,339,262,1
439,2023-07-09,62,India,41,241,43,299,1
440,2023-10-26,68,Canada,25,2759,78,133,1
441,2023-10-10,71,USA,48,4696,314,432,1
442,2023-03-17,25,India,13,939,289,455,1
443,2023-08-09,44,France,9,3718,270,437,1
444,2023-03-07,44,France,13,4017,162,62,1
445,2023-01-22,51,UK,31,695,189,94,1
446,2023-06-07,38,India,41,2004,247,176,1
447,2023-07-06,47,Germany,11,380,216,475,1
448,2023-01-21,50,India,4,523,315,163,1
449,2023-07-03,45,USA,34,4465,339,482,1
450,2023-04-18,64,USA,38,4349,168,325,1
451,2023-12-16,50,India,46,1850,339,254,1
452,2023-05-08,22,Canada,4,4857,193,386,1
453,2023-12-08,77,France,38,2067,283,487,0
454,2023-02-22,78,USA,19,4188,336,469,0
455,2023-07-01,65,France,6,4278,13,434,1
456,2023-10-14,36,USA,34,3046,240,448,1
457,2023-07-28,21,UK,18,1549,320,322,0
458,2023-11-14,52,Germany,13,2431,147,457,1
459,2023-03-21,66,USA,41,2320,204,107,0
460,2023-05-02,34,France,23,3889,80,377,0
461,2023-03-25,61,UK,19,2910,43,268,1
462,2023-04-01,45,USA,45,4828,89,158,0
463,2023-07-31,47,Canada,11,1631,148,328,0
464,2023-01-13,46,Germany,1,4982,95,223,1
465,2023-04-02,63,USA,24,3090,151,377,1
466,2023-06-20,70,UK,7,4593,2,313,1
467,2023-07-30,23,Canada,25,1243,22,364,1
468,2023-12-09,52,India,21,1033,313,160,1
469,2023-05-08,77,UK,15,1560,328,236,0
470,2023-05-17,58,UK,1,2823,7,318,1
471,2023-03-23,54,Canada,12,2612,206,472,0
472,2023-12-26,41,UK,7,385,114,278,1
473,2023-02-25,46,Canada,15,364,272,205,1
474,2023-07-15,66,USA,21,2467,83,238,1
475,2023-01-20,63,Canada,19,3547,179,321,0
476,2023-08-29,70,Canada,29,1862,210,424,1
477,2023-04-24,48,Germany,25,3148,328,51,0
478,2023-04-13,52,Canada,33,2481,124,295,0
479,2023-08-24,77,Canada,49,2369,113,259,1
480,2023-06-29,50,India,32,140,12,450,0
481,2023-06-06,69,USA,49,167,126,335,1
482,2023-04-27,78,Germany,35,1087,53,408,0
483,2023-04-25,38,India,44,4108,331,62,1
484,2023-01-13,49,France,38,3298,283,145,1
485,2023-12-04,40,USA,26,4890,140,270,1
486,2023-04-09,50,USA,11,2624,97,287,1
487,2023-07-24,20,France,35,1185,5,143,1
488,2023-06-18,35,Canada,8,2579,57,387,1
489,2023-05-23,42,India,46,1793,334,318,1
490,2023-02-05,59,UK,14,2415,69,220,1
491,2023-05-23,48,Germany,10,878,118,143,1
492,2023-06-29,71,UK,2,4689,59,198,1
493,2023-11-25,75,France,46,1685,33,161,1
494,2023-09-18,20,USA,9,1592,318,104,1
495,2023-07-24,57,USA,3,760,50,386,1
496,2023-12-14,63,Germany,21,1448,19,473,1
497,2023-10-02,41,USA,26,1399,214,165,0
498,2023-06-19,67,USA,8,4040,197,192,0
499,2023-01-15,49,Germany,48,2086,47,250,1
500,2023-03-01,64,India,2,2144,167,229,0
501,2023-05-14,39,India,6,3616,289,251,1
502,2023-04-02,40,Germany,28,1158,141,413,1
503,2023-10-25,19,France,29,1076,84,102,1
504,2023-05-16,44,USA,26,4677,182,433,0
505,2023-01-20,59,USA,25,827,79,229,0
506,2023-02-25,19,France,12,2627,215,463,1
507,2023-11-02,43,India,5,3236,14,466,1
508,2023-08-11,34,Canada,34,442,215,362,1
509,2023-06-26,57,Canada,48,1547,128,357,1
510,2023-06-10,50,Canada,37,2479,310,186,1
511,2023-08-12,26,India,15,3759,248,231,1
512,2023-11-07,60,India,44,626,29,416,1
513,2023-09-19,71,France,36,1996,280,50,0
514,2023-03-01,65,USA,15,4854,338,93,1
515,2023-07-17,56,France,43,2173,319,276,1
516,2023-10-23,46,France,48,505,202,380,1
517,2023-04-08,59,India,23,1673,361,147,0
518,2023-05-11,72,Canada,6,4700,57,257,1
519,2023-01-23,43,UK,46,3840,218,314,1
520,2023-12-29,52,USA,44,4374,62,337,1
521,2023-08-12,67,India,43,4327,157,320,0
522,2023-01-01,42,Canada,45,1946,202,189,1
523,2023-09-24,41,UK,21,1578,17,286,1
524,2023-10-03,30,UK,23,2495,322,490,1
525,2023-12-18,77,India,43,871,6,441,1
526,2023-12-10,75,Germany,16,678,58,121,1
527,2023-04-11,24,USA,47,3001,325,204,1
528,2023-07-06,74,UK,15,293,318,239,1
529,2023-08-09,53,India,25,2107,169,317,1
530,2023-02-05,62,India,36,1285,82,370,0
531,2023-12-07,37,Canada,11,2494,219,156,1
532,2023-06-19,18,Germany,15,3098,177,281,0
533,2023-11-16,25,USA,4,1892,204,91,1
534,2023-06-10,63,France,21,1210,71,239,0
535,2023-12-06,33,Canada,13,4105,266,420,0
536,2023-03-05,31,UK,22,2361,98,188,1
537,2023-06-03,29,UK,19,3836,345,152,0
538,2023-09-17,68,Canada,34,3893,291,220,1
539,2023-06-08,40,India,14,2036,208,400,0
540,2023-12-08,32,UK,4,4975,2,322,1
541,2023-07-29,45,Germany,48,4457,124,465,1
542,2023-06-17,51,USA,46,829,280,270,1
543,2023-07-26,19,Germany,27,4478,74,262,1
544,2023-12-23,49,UK,29,3551,166,390,0
545,2023-06-01,40,France,47,4557,22,473,1
546,2023-10-11,39,USA,28,4636,154,456,0
547,2023-03-07,68,USA,35,2240,295,105,1
548,2023-04-09,42,Canada,8,1744,219,439,1
549,2023-08-04,75,Canada,16,2900,157,391,1
550,2023-12-07,79,France,42,241,230,483,0
551,2023-07-14,78,India,36,1555,20,151,1
552,2023-12-13,39,USA,30,4896,41,470,0
553,2023-03-31,75,France,18,2196,148,241,1
554,2023-11-12,75,Canada,2,1425,108,359,1
555,2023-10-19,39,Canada,49,1313,84,249,1
556,2023-06-04,66,USA,13,1259,322,282,0
557,2023-07-27,69,Germany,4,4750,309,482,0
558,2023-10-08,59,UK,26,4599,290,276,1
559,2023-01-01,23,Canada,25,4797,323,420,0
560,2023-06-05,32,India,30,440,134,188,0
561,2023-05-27,71,India,11,3928,207,393,1
562,2023-04-18,60,Canada,7,2068,283,354,0
563,2023-08-09,77,Germany,31,803,266,198,0
564,2023-10-24,54,Germany,44,4513,73,164,1
565,2023-11-07,50,France,10,2529,352,499,1
566,2023-12-02,25,India,39,1900,48,112,0
567,2023-06-14,70,France,13,4748,326,153,0
568,2023-08-27,77,India,31,955,233,388,1
569,2023-08-15,61,UK,7,1912,100,408,0
570,2023-08-15,61,UK,49,2966,59,205,1
571,2023-12-12,22,USA,42,3742,258,322,0
572,2023-04-20,56,France,42,282,65,55,1
573,2023-09-19,21,Canada,36,3212,83,196,1
574,2023-08-31,23,France,20,4592,154,233,1
575,2023-03-28,62,Canada,4,1617,266,77,1
576,2023-12-04,49,Germany,7,1456,309,499,1
577,2023-02-13,69,France,1,2274,79,87,0
578,2023-05-26,47,Germany,44,3729,315,168,0
579,2023-09-21,64,UK,45,3728,150,342,1
580,2023-12-06,52,UK,42,4196,48,420,0
581,2023-11-21,72,USA,47,3339,248,293,0
582,2023-11-14,57,France,13,3791,278,117,1
583,2023-06-21,69,Germany,22,118,356,263,1
584,2023-02-17,33,Canada,21,3503,98,267,1
585,2023-05-01,30,UK,22,4779,25,226,1
586,2023-12-11,67,UK,28,4651,284,348,1
587,2023-06-08,77,Canada,9,3104,301,213,0
588,2023-04-26,59,Germany,26,1232,68,107,1
589,2023-04-12,47,Germany,9,3439,7,318,0
590,2023-03-17,36,France,15,3411,305,357,1
591,2023-01-13,34,France,10,3472,137,107,1
592,2023-01-24,73,India,24,1087,164,337,1
593,2023-05-06,36,India,42,3421,83,154,1
594,2023-09-01,45,USA,8,4715,138,277,0
595,2023-11-09,75,UK,24,273,73,296,1
596,2023-02-07,72,France,16,3841,237,237,1
597,2023-08-22,43,Germany,49,3152,46,132,1
598,2023-08-01,54,Canada,26,826,106,235,1
599,2023-11-19,43,Germany,27,3860,288,301,1
600,2023-10-22,70,UK,37,1975,262,404,0
601,2023-04-10,79,India,4,4133,176,287,0
602,2023-12-23,40,Germany,24,1089,166,409,1
603,2023-07-16,26,USA,19,3844,145,233,1
604,2023-09-11,29,UK,36,2786,330,333,1
605,2023-07-24,70,India,39,519,283,434,1
606,2023-05-05,18,Canada,10,693,54,475,1
607,2023-03-17,75,India,25,1874,178,259,1
608,2023-12-02,75,USA,18,2559,244,353,1
609,2023-12-19,18,UK,19,1035,341,345,0
610,2023-01-03,64,Canada,36,3908,127,146,1
611,2023-02-24,51,USA,10,431,271,496,0
612,2023-08-06,49,India,33,3549,132,257,0
613,2023-04-23,79,USA,5,2802,93,419,1
614,2023-04-01,71,UK,47,4106,73,437,1
615,2023-12-23,65,France,49,3968,248,471,0
616,2023-09-23,42,USA,35,4300,348,460,0
617,2023-08-26,57,USA,44,301,273,186,0
618,2023-01-26,62,India,34,2597,43,416,1
619,2023-10-13,70,India,33,1942,41,449,0
620,2023-05-08,18,Canada,21,1966,170,233,0
621,2023-03-04,33,India,17,2096,212,125,1
622,2023-08-22,78,Germany,22,1009,168,336,1
623,2023-03-10,56,UK,48,4405,39,424,1
624,2023-08-26,22,UK,37,4758,245,191,0
625,2023-12-08,39,France,15,3289,151,286,1
626,2023-09-29,46,France,35,870,111,74,1
627,2023-10-14,72,UK,28,3255,47,339,1
628,2023-11-01,20,France,7,2601,63,116,1
629,2023-06-12,29,Canada,32,2814,225,299,1
630,2023-08-15,43,India,11,4824,69,457,0
631,2023-11-10,33,UK,10,3685,299,167,1
632,2023-09-16,68,France,9,1728,290,122,1
633,2023-08-07,54,UK,14,486,296,331,1
634,2023-10-08,39,Germany,13,3521,203,453,0
635,2023-08-17,74,USA,25,4108,61,497,0
636,2023-03-23,46,India,2,4193,318,409,1
637,2023-09-01,31,UK,35,4463,314,59,0
638,2023-08-19,45,USA,7,2566,161,260,0
639,2023-05-13,22,France,21,2382,331,372,1
640,2023-05-07,64,USA,18,1956,16,201,1
641,2023-11-23,66,India,3,2098,338,54,1
642,2023-05-22,47,UK,42,1336,94,244,1
643,2023-09-24,63,Germany,39,4769,304,491,1
644,2023-09-06,79,France,41,4244,138,332,0
645,2023-11-17,69,UK,49,1250,338,162,0
646,2023-05-03,22,India,11,4418,38,320,1
647,2023-05-21,29,France,39,1531,127,212,1
648,2023-08-14,33,Canada,24,1919,275,154,1
649,2023-02-09,43,USA,46,2424,164,230,0
650,2024-01-01,43,India,19,1230,319,93,1
651,2023-05-27,65,Canada,4,2758,77,331,1
652,2023-05-01,38,UK,26,3600,174,224,1
653,2023-05-20,56,Germany,38,474,358,211,1
654,2023-06-21,53,France,42,2220,321,400,1
655,2023-06-13,50,USA,32,4120,91,483,1
656,2023-10-04,79,France,39,2121,238,389,1
657,2023-02-11,47,UK,45,3805,264,189,0
658,2023-03-12,54,France,46,3359,179,181,1
659,2023-03-19,40,USA,36,3535,209,136,1
660,2023-04-29,75,UK,40,1989,73,225,0
661,2023-07-16,27,France,37,1923,107,232,1
662,2023-12-22,71,Germany,33,1574,345,417,1
663,2023-03-20,22,India,36,2342,295,178,0
664,2023-12-28,53,UK,3,3343,284,295,1
665,2023-04-20,51,India,9,3234,353,138,0
666,2023-02-02,69,UK,8,2170,182,115,1
667,2023-08-01,48,Germany,33,459,37,207,1
668,2023-07-28,27,India,6,2141,137,436,1
669,2023-06-19,75,Canada,41,1241,338,427,1
670,2023-10-05,36,USA,39,1735,56,198,1
671,2023-08-27,75,Canada,4,4100,187,389,1
672,2023-08-01,49,France,13,2043,341,482,0
673,2023-02-01,18,Germany,49,4874,258,165,1
674,2023-04-16,73,Canada,2,3461,58,263,0
675,2023-08-04,22,UK,5,3080,363,495,1
676,2023-07-19,62,France,44,106,123,421,1
677,2023-10-27,21,France,27,3367,188,343,0
678,2023-12-23,33,Canada,32,1691,230,302,1
679,2023-01-11,41,Canada,21,3364,168,192,0
680,2023-10-22,33,Germany,8,2706,114,299,0
681,2023-07-14,72,USA,38,3319,252,415,1
682,2023-09-02,19,Canada,8,3373,107,485,0
683,2023-01-04,66,Canada,3,1013,37,351,0
684,2023-06-30,45,India,44,2111,335,74,0
685,2023-06-02,49,UK,3,1542,92,326,1
686,2023-07-19,44,India,22,3154,18,426,0
687,2023-08-03,37,India,6,3646,354,427,1
688,2023-10-03,41,France,2,4321,63,438,0
689,2023-10-07,29,USA,23,3028,150,119,1
690,2023-11-05,67,UK,44,1929,139,162,1
691,2023-04-23,52,Germany,2,675,186,412,0
692,2023-09-07,77,Germany,38,1029,185,161,1
693,2023-04-23,50,Canada,17,3859,205,413,1
694,2023-05-20,50,Canada,35,3799,260,352,1
695,2023-08-12,78,Germany,34,1563,214,140,1
696,2023-09-06,68,Canada,23,3375,256,67,0
697,2023-01-15,60,USA,30,1154,135,198,1
698,2023-07-19,54,India,8,2000,61,276,1
699,2023-06-22,29,Canada,22,1557,363,263,1
700,2023-12-09,20,France,44,1499,310,409,1
701,2023-12-14,18,Canada,36,3515,88,200,1
702,2023-07-27,50,UK,5,542,324,241,1
703,2023-03-26,57,USA,13,3750,207,89,0
704,2023-08-28,27,UK,29,4752,129,291,0
705,2023-03-07,60,UK,31,1278,311,187,0
706,2023-11-15,61,France,47,4558,3,394,1
707,2023-10-01,46,USA,16,1357,242,229,1
708,2023-01-14,30,USA,42,3734,121,249,1
709,2023-07-21,29,USA,30,1941,102,252,1
710,2023-10-31,48,USA,16,2409,38,110,1
711,2023-10-16,63,USA,12,1010,341,241,1
712,2023-12-06,19,France,17,4440,133,54,1
713,2023-01-14,78,Canada,16,4737,202,427,1
714,2023-02-12,68,UK,12,4109,348,286,1
715,2023-11-26,67,USA,8,2269,21,230,1
716,2023-08-08,52,Canada,20,2272,242,360,1
717,2023-03-11,40,Canada,3,223,109,86,1
718,2023-08-25,34,UK,16,3258,303,105,1
719,2023-04-04,43,France,30,885,84,492,1
720,2023-01-26,25,Germany,45,2516,83,286,1
721,2023-05-14,46,Germany,23,896,291,407,0
722,2023-07-14,43,Canada,28,4272,69,398,1
723,2023-06-17,27,India,40,4254,129,246,0
724,2023-04-19,43,India,5,2036,196,122,1
725,2023-08-21,79,UK,20,2256,140,108,1
726,2023-06-17,51,Germany,40,3907,283,289,1
727,2023-06-22,68,Canada,44,1401,312,51,0
728,2023-07-14,58,France,1,4263,234,498,1
729,2023-05-23,24,Germany,30,3240,23,409,1
730,2023-08-04,21,Canada,21,3336,153,237,0
731,2023-05-10,75,Canada,20,2452,277,356,1
732,2023-02-11,70,USA,6,2032,61,79,1
733,2023-08-29,67,France,22,2821,319,316,1
734,2023-01-10,62,USA,18,464,52,157,0
735,2023-10-04,28,UK,8,2490,344,381,1
736,2023-01-27,46,USA,39,1046,153,472,1
737,2023-06-29,73,USA,32,1477,237,139,1
738,2023-04-25,53,Germany,33,1539,311,254,1
739,2023-11-29,42,India,16,3280,302,428,0
740,2023-02-05,38,Canada,12,4957,32,496,0
741,2023-11-30,78,France,38,440,55,497,0
742,2023-01-21,74,USA,34,3089,352,494,1
743,2023-01-16,53,France,14,482,36,430,0
744,2023-05-07,27,India,36,1656,110,487,0
745,2023-04-13,54,India,33,399,177,269,1
746,2023-01-11,26,USA,23,238,362,427,0
747,2023-11-15,41,UK,45,458,314,143,0
748,2023-03-20,52,USA,2,1622,295,152,1
749,2023-05-03,66,Germany,41,3556,336,272,0
750,2023-03-06,52,Canada,21,1727,97,235,1
751,2023-08-31,65,UK,2,1403,213,233,1
752,2023-12-09,53,USA,27,1234,317,211,1
753,2023-02-28,35,France,9,2286,137,296,1
754,2023-10-16,66,UK,1,3270,6,80,1
755,2023-04-22,56,UK,11,3935,109,101,1
756,2023-08-27,49,USA,3,2251,35,394,1
757,2023-12-25,41,UK,23,1337,39,125,1
758,2023-05-12,40,France,26,3835,150,434,1
759,2023-07-08,79,India,4,2934,118,488,1
760,2023-03-27,49,UK,18,4360,261,327,1
761,2023-11-07,54,India,6,1098,87,89,0
762,2023-11-07,29,France,35,2667,76,150,0
763,2023-02-28,66,USA,22,1407,313,160,0
764,2023-03-25,72,Canada,43,756,214,434,1
765,2023-06-09,30,UK,15,2760,285,370,1
766,2023-02-25,40,Canada,22,2311,239,298,1
767,2023-10-24,42,France,37,2009,165,240,1
768,2023-01-14,52,UK,42,3830,87,231,1
769,2023-06-09,58,India,12,2146,141,475,0
770,2023-10-22,47,Germany,47,3262,160,454,0
771,2023-12-13,34,Canada,49,1240,46,384,1
772,2023-07-12,66,UK,42,366,112,258,1
773,2023-07-23,79,Canada,38,1945,45,71,1
774,2023-04-12,37,UK,18,1808,247,215,1
775,2023-02-08,65,USA,45,3730,104,148,0
776,2023-10-31,42,India,35,3311,85,257,1
777,2023-12-20,39,Canada,30,2393,134,57,1
778,2023-11-18,30,Germany,24,3832,108,239,0
779,2023-05-05,76,Germany,42,3929,18,224,1
780,2023-02-22,36,France,30,1610,94,322,1
781,2023-12-23,66,UK,14,575,150,66,1
782,2023-06-04,53,Canada,6,1076,246,139,1
783,2023-12-17,29,France,3,1307,289,190,1
784,2023-11-04,78,Canada,16,2060,209,194,0
785,2023-03-03,58,UK,7,657,126,215,1
786,2023-10-17,36,Germany,14,982,235,386,1
787,2023-01-22,29,USA,9,2294,122,127,0
788,2023-06-27,26,Germany,15,4861,138,478,0
789,2023-09-30,24,France,21,2767,115,311,1
790,2023-08-08,45,India,35,4777,162,212,1
791,2023-12-05,31,USA,2,4890,201,415,0
792,2023-07-09,48,France,27,1710,234,63,1
793,2023-02-05,69,UK,2,3588,28,288,1
794,2023-09-17,36,USA,35,2554,11,121,0
795,2023-11-28,75,France,18,4594,206,494,0
796,2023-06-24,64,UK,14,2046,167,192,1
797,2023-01-07,33,Germany,20,4910,247,359,0
798,2023-08-04,70,India,18,4899,47,332,1
799,2023-09-08,22,UK,10,2908,246,318,0
800,2023-02-24,52,Canada,25,3925,127,290,1
801,2023-08-10,29,UK,2,3636,147,464,1
802,2023-07-05,42,UK,25,3902,118,294,1
803,2023-11-22,69,India,33,4277,152,212,1
804,2023-08-24,76,Canada,36,4799,72,109,1
805,2023-12-29,38,France,31,2070,363,55,1
806,2023-03-20,53,France,14,3922,137,246,1
807,2023-08-11,70,UK,1,2919,175,107,0
808,2023-04-01,40,Canada,46,1002,289,354,1
809,2023-09-25,33,Canada,16,464,19,456,0
810,2023-11-30,74,India,46,4358,195,266,1
811,2023-05-19,56,Germany,3,3219,330,467,1
812,2023-11-12,62,France,35,2658,175,75,1
813,2023-10-03,70,India,41,1963,354,352,0
814,2023-09-05,59,USA,6,215,141,54,1
815,2023-08-27,75,France,25,2484,246,69,1
816,2023-08-12,56,India,13,4035,93,439,1
817,2023-10-31,31,France,34,2590,239,247,1
818,2023-05-18,48,Germany,8,1042,205,108,0
819,2023-06-15,75,USA,21,1824,48,497,1
820,2023-05-06,22,Germany,34,2434,245,291,1
821,2023-02-14,52,USA,4,2867,320,195,1
822,2023-05-23,40,UK,25,1237,317,437,1
823,2023-08-19,46,India,15,2627,295,322,0
824,2023-05-05,60,USA,4,4217,128,298,0
825,2023-08-26,28,Germany,45,3520,344,63,1
826,2023-10-19,35,France,12,4878,282,62,0
827,2023-11-09,64,USA,32,4006,17,440,1
828,2023-12-09,29,India,32,3737,71,433,1
829,2023-07-14,26,USA,28,3053,269,93,0
830,2023-06-22,27,Canada,13,2467,325,424,1
831,2023-01-15,75,France,31,4321,282,448,0
832,2023-09-11,61,India,14,376,305,68,1
833,2023-06-16,34,India,20,2099,7,112,0
834,2023-04-04,78,UK,18,1327,314,288,0
835,2023-09-07,55,Germany,29,3852,305,468,1
836,2023-04-19,24,UK,6,3835,103,386,1
837,2023-07-01,63,India,32,795,309,468,1
838,2023-05-13,30,France,29,1409,193,452,1
839,2023-06-24,57,USA,43,4252,241,453,1
840,2023-05-24,59,USA,2,3334,62,149,1
841,2023-11-02,26,France,23,4214,17,212,1
842,2023-12-26,67,India,19,2411,171,465,1
843,2023-05-22,44,USA,31,2941,25,171,1
844,2023-10-12,75,USA,5,4308,251,481,1
845,2023-01-06,19,USA,19,3659,253,93,1
846,2023-09-22,22,Germany,34,3498,207,409,1
847,2023-04-08,46,Germany,10,641,29,457,1
848,2023-02-13,54,Canada,25,2794,117,366,1
849,2023-05-04,55,UK,2,4774,282,430,1
850,2023-07-28,36,France,11,1188,144,194,0
851,2023-09-08,25,France,31,3463,25,376,1
852,2023-10-12,65,France,15,124,310,412,0
853,2023-05-04,62,Canada,9,1672,156,99,1
854,2023-12-20,18,Germany,23,3058,73,114,0
855,2023-09-01,39,India,19,4336,120,404,1
856,2023-11-27,69,India,9,1867,312,337,0
857,2023-12-31,34,Canada,35,4843,321,213,0
858,2023-09-09,24,India,21,2335,93,190,1
859,2023-08-18,42,France,9,300,86,363,1
860,2023-01-09,62,UK,28,3298,336,177,0
861,2023-02-17,21,USA,46,356,364,447,1
862,2023-05-31,53,Germany,7,3847,118,470,1
863,2023-04-24,23,Germany,16,4742,233,417,0
864,2023-07-27,77,Canada,16,2341,199,288,0
865,2023-12-21,48,Germany,33,3275,206,373,1
866,2023-05-05,36,France,4,3706,339,345,1
867,2023-06-06,78,India,4,3436,147,236,0
868,2023-12-06,61,France,39,4997,271,257,1
869,2023-10-25,71,Canada,40,513,139,269,1
870,2023-07-08,56,France,17,2114,181,449,1
871,2023-08-31,44,India,37,1481,30,239,1
872,2023-10-11,27,UK,39,1198,57,437,1
873,2023-09-29,43,Canada,29,3526,232,478,1
874,2023-06-26,36,UK,36,3755,146,395,1
875,2023-08-06,56,USA,38,1009,48,333,1
876,2023-10-09,79,UK,39,287,194,401,1
877,2023-06-19,20,USA,37,4144,224,286,1
878,2023-06-30,62,USA,35,3856,136,243,0
879,2023-12-26,30,UK,7,2115,22,336,1
880,2023-08-21,67,Canada,27,2192,6,308,1
881,2023-05-19,45,India,28,3744,204,295,1
882,2023-06-06,79,France,22,2230,239,185,1
883,2023-05-09,75,France,14,457,185,329,1
884,2023-04-29,37,India,7,2522,360,320,0
885,2023-03-03,45,USA,37,4357,292,220,1
886,2023-04-09,25,USA,22,4645,335,208,1
887,2023-06-11,78,Canada,5,1597,220,250,0
888,2023-03-03,58,Germany,2,2258,116,94,0
889,2023-10-02,56,UK,27,2655,313,499,1
890,2023-12-20,18,USA,21,2442,49,313,0
891,2023-04-05,20,France,38,3051,173,120,0
892,2023-04-09,30,Canada,15,1338,82,413,1
893,2023-04-21,45,UK,21,1073,322,420,1
894,2023-09-05,79,Canada,10,4827,333,152,1
895,2023-05-22,74,UK,23,4065,45,174,1
896,2023-10-29,77,UK,39,1150,335,362,0
897,2023-09-26,66,India,5,3801,20,335,1
898,2023-11-02,42,USA,1,2880,221,279,1
899,2023-05-25,73,Canada,13,1688,123,195,1
900,2023-02-21,50,Canada,21,3978,234,419,1
901,2023-04-10,55,India,26,2468,221,246,1
902,2023-06-01,70,France,45,536,323,422,1
903,2023-04-27,23,France,21,2928,339,270,1
904,2023-07-04,75,USA,18,1656,3,472,1
905,2023-04-02,61,USA,37,3958,182,109,1
906,2023-06-04,62,Germany,45,1404,206,147,1
907,2023-01-08,49,India,32,2484,320,220,1
908,2023-12-29,62,France,36,282,40,431,1
909,2023-10-01,78,UK,17,1689,59,222,1
910,2023-03-06,64,Canada,35,1687,62,200,1
911,2023-05-21,38,USA,49,759,132,399,1
912,2023-01-24,33,Canada,11,259,60,439,1
913,2023-01-28,71,Canada,21,4053,331,489,1
914,2023-10-11,38,Germany,26,1111,122,171,1
915,2023-05-30,28,France,4,152,107,157,1
916,2023-12-24,77,USA,34,2407,96,53,1
917,2023-03-06,54,Canada,48,1328,347,142,1
918,2023-11-23,53,USA,18,1135,235,456,1
919,2023-09-09,52,UK,40,3802,62,55,1
920,2023-02-22,36,Germany,35,4145,256,337,1
921,2023-01-07,37,UK,41,4549,49,155,0
922,2023-10-21,74,USA,29,1364,348,195,1
923,2023-05-26,35,USA,29,1984,159,320,1
924,2023-08-29,64,France,38,1909,124,473,1
925,2023-09-03,58,Canada,42,3267,317,427,1
926,2023-08-14,66,Canada,21,3897,207,145,1
927,2023-06-24,31,UK,42,2441,48,278,1
928,2023-04-05,32,Germany,13,3514,136,251,1
929,2023-01-27,48,India,49,917,201,261,1
930,2023-05-10,18,Canada,41,2537,250,55,1
931,2023-09-02,70,France,17,988,314,161,0
932,2023-02-28,71,UK,9,767,357,425,1
933,2023-02-03,71,UK,41,4828,318,428,1
934,2023-07-25,20,India,1,2724,295,496,1
935,2023-09-09,33,France,2,4332,314,372,1
936,2023-02-07,40,Germany,48,4623,209,155,1
937,2023-10-23,74,France,29,918,355,188,0
938,2023-11-19,28,Germany,33,2288,211,348,1
939,2023-12-18,29,France,10,1206,192,450,0
940,2023-01-28,27,France,40,2324,44,145,1
941,2023-03-19,49,USA,21,297,29,437,1
942,2023-03-18,33,UK,28,2771,59,496,1
943,2023-10-16,25,France,11,3592,71,386,1
944,2023-06-05,55,India,34,2548,92,346,0
945,2023-02-13,29,France,8,570,265,438,0
946,2023-05-08,41,Canada,22,2048,220,465,1
947,2023-03-02,45,UK,8,3999,215,263,0
948,2023-10-13,70,Canada,49,2110,277,340,1
949,2023-08-02,25,UK,15,3900,64,71,0
950,2023-11-07,75,Canada,17,4218,346,242,1
951,2023-11-02,45,France,23,3896,292,199,1
952,2023-11-13,53,France,24,4088,245,417,0
953,2023-04-26,43,USA,45,334,62,296,1
954,2023-09-25,25,India,19,1028,332,316,1
955,2023-07-14,75,Canada,5,3707,170,300,0
956,2023-08-19,77,Germany,32,622,269,52,1
957,2023-08-15,67,USA,44,3623,267,442,1
958,2023-06-02,45,Canada,1,4626,54,365,1
959,2023-10-29,45,Canada,23,4988,16,125,0
960,2023-08-08,54,USA,37,1729,8,136,1
961,2023-06-06,58,France,8,4728,104,319,0
962,2023-10-19,53,Canada,13,1416,59,274,0
963,2023-11-14,44,France,8,2957,313,67,1
964,2023-01-31,71,USA,23,1224,40,162,1
965,2023-11-09,34,France,43,2687,237,300,1
966,2023-02-20,26,UK,1,1123,94,282,1
967,2023-04-17,50,Germany,45,1478,222,378,0
968,2023-11-17,70,Canada,24,3474,204,328,1
969,2023-04-19,37,India,35,1619,138,251,0
970,2023-05-16,30,Germany,24,326,300,132,0
971,2023-12-05,45,France,17,991,207,174,1
972,2023-02-11,65,Canada,5,4172,336,224,1
973,2023-03-22,46,France,20,2357,81,118,1
974,2023-05-03,30,UK,21,2888,218,96,0
975,2023-03-30,63,USA,40,496,2,421,1
976,2023-10-10,52,Canada,31,2178,178,305,1
977,2023-02-08,78,UK,46,4844,346,264,0
978,2023-03-22,23,UK,36,4524,279,79,1
979,2023-01-02,35,Canada,11,3337,146,330,0
980,2023-07-29,68,France,15,3993,318,461,1
981,2023-08-19,22,India,19,2105,224,286,1
982,2023-12-19,64,UK,7,2116,62,297,0
983,2023-11-01,42,Germany,28,3271,294,417,1
984,2023-08-29,19,UK,43,2768,239,74,1
985,2023-05-30,27,India,5,1978,195,123,0
986,2023-01-17,73,France,5,1296,166,255,1
987,2023-04-29,47,France,30,1872,222,363,1
988,2023-05-28,67,Germany,32,261,61,143,0
989,2023-12-28,76,UK,8,4076,129,424,1
990,2023-05-25,62,France,10,1851,173,176,1
991,2023-12-26,22,India,38,875,156,474,1
992,2023-08-21,72,Canada,47,1039,110,74,1
993,2023-02-06,73,USA,32,3320,269,383,1
994,2023-12-18,50,USA,48,639,356,404,1
995,2023-04-30,71,USA,28,1561,278,165,1
996,2023-05-16,18,UK,17,455,74,97,1
997,2023-11-17,35,Germany,31,3704,207,275,1
998,2023-10-29,49,France,8,3423,279,315,1
999,2023-12-05,64,Canada,40,334,326,148,0
1000,2023-04-12,66,India,25,1648,340,60,1
